language,metric,count,mean,p0,p25,p50,p70,p75,p90,p95,p99,p100
as,english_answer_characters,249,57.5863453815261,2.0,18.0,18.0,60.39999999999998,80.0,150.0,219.19999999999987,320.68000000000006,414.0
as,english_answer_tokens,249,14.17269076305221,1.0,4.0,4.0,16.0,20.0,33.39999999999998,51.599999999999994,89.08000000000004,99.0
as,english_answer_utf8_bytes,249,57.65461847389558,2.0,18.0,18.0,60.39999999999998,80.0,150.0,219.19999999999987,322.6,414.0
as,english_answer_whitespace_words,249,9.74698795180723,1.0,3.0,3.0,9.599999999999994,13.0,24.399999999999977,32.0,55.52000000000001,82.0
as,english_passage_characters,2496,322.2864583333333,55.0,250.75,296.0,327.0,346.0,516.0,579.25,717.3500000000013,943.0
as,english_passage_tokens,2496,79.25600961538461,11.0,61.0,72.0,84.0,89.0,124.0,144.0,173.10000000000036,299.0
as,english_passage_utf8_bytes,2496,323.2840544871795,55.0,252.0,297.0,327.0,347.25,518.5,580.0,717.3500000000013,943.0
as,english_passage_whitespace_words,2496,54.765625,3.0,42.0,50.0,58.0,61.0,86.0,102.0,123.05000000000018,169.0
as,english_query_characters,250,33.172,8.0,24.0,32.0,39.0,40.75,48.0,53.55000000000001,65.52999999999997,78.0
as,english_query_tokens,250,7.752,2.0,6.0,7.0,9.0,10.0,12.0,13.0,14.509999999999991,18.0
as,english_query_utf8_bytes,250,33.172,8.0,24.0,32.0,39.0,40.75,48.0,53.55000000000001,65.52999999999997,78.0
as,english_query_whitespace_words,250,5.812,2.0,4.0,6.0,7.0,7.0,8.0,9.0,12.509999999999991,15.0
as,passage_translation_character_ratio,2496,0.988864750962665,0.3037974683544304,0.898996342854455,0.9701320981300394,1.0230454079890747,1.0388922032031571,1.1045776282200046,1.1453624879362747,1.2531027585244456,31.065217391304348
as,passage_translation_word_ratio,2496,0.9018831450854213,0.25806451612903225,0.8163265306122449,0.8903274306715669,0.9428571428571428,0.9578931924882629,1.0227272727272727,1.0634920634920635,1.170815811606392,23.266666666666666
as,passages_per_record,250,9.984,7.0,10.0,10.0,10.0,10.0,10.0,10.0,10.0,10.0
as,translated_answer_characters,250,87.608,2.0,26.0,26.0,60.50000000000006,79.0,156.09999999999994,223.75000000000006,376.5899999999999,3379.0
as,translated_answer_tokens,250,34.436,1.0,10.0,10.0,30.30000000000001,38.0,73.0,106.65000000000003,186.52999999999997,958.0
as,translated_answer_utf8_bytes,250,236.008,6.0,70.0,70.0,165.60000000000014,215.5,423.5,604.7500000000002,999.8899999999996,9227.0
as,translated_answer_whitespace_words,250,13.608,1.0,5.0,5.0,10.0,12.5,23.299999999999983,34.0,63.50999999999999,456.0
as,translated_passage_characters,2496,315.2139423076923,51.0,239.0,285.0,326.0,343.25,482.0,550.25,696.5000000000018,3497.0
as,translated_passage_tokens,2496,142.92948717948718,20.0,107.0,130.0,151.0,159.0,215.0,249.25,317.15000000000055,2095.0
as,translated_passage_utf8_bytes,2496,834.7648237179487,137.0,630.75,756.0,864.0,904.25,1265.5,1457.75,1859.8000000000065,9369.0
as,translated_passage_whitespace_words,2496,48.755208333333336,6.0,36.0,44.0,51.0,54.0,74.0,88.0,114.0,551.0
as,translated_query_characters,250,34.788,9.0,24.25,34.0,41.0,43.0,52.0,57.55000000000001,71.52999999999997,90.0
as,translated_query_tokens,250,16.228,4.0,12.0,16.0,19.0,20.0,25.0,27.0,32.50999999999999,38.0
as,translated_query_utf8_bytes,250,94.596,23.0,68.25,92.0,112.0,117.0,141.1,158.30000000000007,193.56999999999994,230.0
as,translated_query_whitespace_words,250,5.5,2.0,4.0,5.0,6.0,7.0,8.0,9.0,12.019999999999982,19.0
bn,english_answer_characters,249,57.5863453815261,2.0,18.0,18.0,60.39999999999998,80.0,150.0,219.19999999999987,320.68000000000006,414.0
bn,english_answer_tokens,249,14.17269076305221,1.0,4.0,4.0,16.0,20.0,33.39999999999998,51.599999999999994,89.08000000000004,99.0
bn,english_answer_utf8_bytes,249,57.65461847389558,2.0,18.0,18.0,60.39999999999998,80.0,150.0,219.19999999999987,322.6,414.0
bn,english_answer_whitespace_words,249,9.74698795180723,1.0,3.0,3.0,9.599999999999994,13.0,24.399999999999977,32.0,55.52000000000001,82.0
bn,english_passage_characters,2496,322.2864583333333,55.0,250.75,296.0,327.0,346.0,516.0,579.25,717.3500000000013,943.0
bn,english_passage_tokens,2496,79.25600961538461,11.0,61.0,72.0,84.0,89.0,124.0,144.0,173.10000000000036,299.0
bn,english_passage_utf8_bytes,2496,323.2840544871795,55.0,252.0,297.0,327.0,347.25,518.5,580.0,717.3500000000013,943.0
bn,english_passage_whitespace_words,2496,54.765625,3.0,42.0,50.0,58.0,61.0,86.0,102.0,123.05000000000018,169.0
bn,english_query_characters,250,33.172,8.0,24.0,32.0,39.0,40.75,48.0,53.55000000000001,65.52999999999997,78.0
bn,english_query_tokens,250,7.752,2.0,6.0,7.0,9.0,10.0,12.0,13.0,14.509999999999991,18.0
bn,english_query_utf8_bytes,250,33.172,8.0,24.0,32.0,39.0,40.75,48.0,53.55000000000001,65.52999999999997,78.0
bn,english_query_whitespace_words,250,5.812,2.0,4.0,6.0,7.0,7.0,8.0,9.0,12.509999999999991,15.0
bn,passage_translation_character_ratio,2496,1.0009175966164459,0.3761609907120743,0.9166666666666666,0.9912536628869919,1.0435459840173371,1.0572390572390573,1.126051985372937,1.1696191948510855,1.2735018726591765,18.834437086092716
bn,passage_translation_word_ratio,2496,0.9099970395958014,0.25806451612903225,0.825,0.8958333333333334,0.95,0.9620850250776213,1.0222222222222221,1.0615433673469388,1.1712333022677852,31.375
bn,passages_per_record,250,9.984,7.0,10.0,10.0,10.0,10.0,10.0,10.0,10.0,10.0
bn,translated_answer_characters,250,86.424,5.0,15.0,15.0,70.90000000000003,83.0,153.1,237.55,403.1399999999999,4087.0
bn,translated_answer_tokens,250,27.36,2.0,4.0,4.0,21.30000000000001,28.0,51.19999999999999,84.10000000000002,142.0999999999999,1020.0
bn,translated_answer_utf8_bytes,250,227.76,15.0,41.0,41.0,192.4000000000001,224.5,414.4,645.0500000000002,1062.08,10227.0
bn,translated_answer_whitespace_words,250,16.024,1.0,3.0,3.0,10.0,12.0,22.19999999999999,33.55000000000001,67.52999999999997,1018.0
bn,translated_passage_characters,2496,320.72996794871796,54.0,241.0,292.0,335.0,351.0,497.0,573.0,731.0,3718.0
bn,translated_passage_tokens,2496,106.5488782051282,15.0,78.0,95.0,113.0,119.0,161.0,192.0,250.10000000000036,1809.0
bn,translated_passage_utf8_bytes,2496,851.8874198717949,149.0,643.0,776.0,888.0,933.0,1321.0,1519.75,1919.1000000000004,10036.0
bn,translated_passage_whitespace_words,2496,49.247996794871796,7.0,36.0,45.0,52.0,55.0,76.0,90.0,116.0,753.0
bn,translated_query_characters,250,34.64,9.0,25.0,33.5,40.0,42.0,53.0,60.0,72.01999999999998,92.0
bn,translated_query_tokens,250,12.136,3.0,9.0,11.0,14.0,15.0,18.099999999999994,20.55000000000001,24.50999999999999,29.0
bn,translated_query_utf8_bytes,250,94.672,23.0,68.0,90.5,111.0,115.0,145.0,163.55,199.07999999999993,256.0
bn,translated_query_whitespace_words,250,5.336,2.0,4.0,5.0,6.0,7.0,8.0,9.0,12.509999999999991,17.0
gu,english_answer_characters,249,57.5863453815261,2.0,18.0,18.0,60.39999999999998,80.0,150.0,219.19999999999987,320.68000000000006,414.0
gu,english_answer_tokens,249,14.17269076305221,1.0,4.0,4.0,16.0,20.0,33.39999999999998,51.599999999999994,89.08000000000004,99.0
gu,english_answer_utf8_bytes,249,57.65461847389558,2.0,18.0,18.0,60.39999999999998,80.0,150.0,219.19999999999987,322.6,414.0
gu,english_answer_whitespace_words,249,9.74698795180723,1.0,3.0,3.0,9.599999999999994,13.0,24.399999999999977,32.0,55.52000000000001,82.0
gu,english_passage_characters,2496,322.2864583333333,55.0,250.75,296.0,327.0,346.0,516.0,579.25,717.3500000000013,943.0
gu,english_passage_tokens,2496,79.25600961538461,11.0,61.0,72.0,84.0,89.0,124.0,144.0,173.10000000000036,299.0
gu,english_passage_utf8_bytes,2496,323.2840544871795,55.0,252.0,297.0,327.0,347.25,518.5,580.0,717.3500000000013,943.0
gu,english_passage_whitespace_words,2496,54.765625,3.0,42.0,50.0,58.0,61.0,86.0,102.0,123.05000000000018,169.0
gu,english_query_characters,250,33.172,8.0,24.0,32.0,39.0,40.75,48.0,53.55000000000001,65.52999999999997,78.0
gu,english_query_tokens,250,7.752,2.0,6.0,7.0,9.0,10.0,12.0,13.0,14.509999999999991,18.0
gu,english_query_utf8_bytes,250,33.172,8.0,24.0,32.0,39.0,40.75,48.0,53.55000000000001,65.52999999999997,78.0
gu,english_query_whitespace_words,250,5.812,2.0,4.0,6.0,7.0,7.0,8.0,9.0,12.509999999999991,15.0
gu,passage_translation_character_ratio,2496,0.9712104902996973,0.33900928792569657,0.899019319407669,0.9616735828039122,1.0104720015595303,1.0256823821339949,1.0844619077815019,1.1282449434623347,1.2365097402597407,10.090361445783133
gu,passage_translation_word_ratio,2496,0.9599542515104624,0.3275862068965517,0.8709677419354839,0.9461872586872586,1.0,1.0185185185185186,1.0869565217391304,1.1363636363636365,1.2558184976118123,17.103448275862068
gu,passages_per_record,250,9.984,7.0,10.0,10.0,10.0,10.0,10.0,10.0,10.0,10.0
gu,translated_answer_characters,250,79.42,2.0,13.0,13.0,57.200000000000045,82.0,153.49999999999997,234.40000000000032,693.5999999999949,2624.0
gu,translated_answer_tokens,250,26.188,1.0,4.0,4.0,23.0,27.75,60.19999999999999,86.65000000000003,185.22999999999934,840.0
gu,translated_answer_utf8_bytes,250,205.284,6.0,33.0,33.0,151.20000000000005,215.75,406.69999999999993,613.4000000000005,1810.419999999986,6644.0
gu,translated_answer_whitespace_words,250,14.312,1.0,3.0,3.0,9.300000000000011,13.0,25.0,40.10000000000002,115.2699999999993,525.0
gu,translated_passage_characters,2496,311.50721153846155,56.0,238.0,285.0,322.0,339.0,475.0,546.0,684.0500000000002,3350.0
gu,translated_passage_tokens,2496,108.6650641025641,19.0,82.0,98.0,114.0,121.0,163.0,190.0,244.15000000000055,1365.0
gu,translated_passage_utf8_bytes,2496,802.3597756410256,130.0,613.0,735.0,832.0,874.0,1230.5,1411.75,1774.1500000000005,6826.0
gu,translated_passage_whitespace_words,2496,51.916666666666664,8.0,39.0,47.0,55.0,58.0,80.0,93.25,119.0,496.0
gu,translated_query_characters,250,34.228,8.0,24.25,34.0,41.0,42.0,50.0,58.0,67.52999999999997,80.0
gu,translated_query_tokens,250,12.672,3.0,9.0,12.0,15.0,16.0,19.0,20.55000000000001,24.50999999999999,27.0
gu,translated_query_utf8_bytes,250,92.484,22.0,66.25,92.0,109.0,114.75,135.1,157.10000000000002,182.52999999999997,212.0
gu,translated_query_whitespace_words,250,5.66,2.0,4.0,6.0,7.0,7.0,9.0,9.550000000000011,12.0,14.0
hi,english_answer_characters,249,57.5863453815261,2.0,18.0,18.0,60.39999999999998,80.0,150.0,219.19999999999987,320.68000000000006,414.0
hi,english_answer_tokens,249,14.17269076305221,1.0,4.0,4.0,16.0,20.0,33.39999999999998,51.599999999999994,89.08000000000004,99.0
hi,english_answer_utf8_bytes,249,57.65461847389558,2.0,18.0,18.0,60.39999999999998,80.0,150.0,219.19999999999987,322.6,414.0
hi,english_answer_whitespace_words,249,9.74698795180723,1.0,3.0,3.0,9.599999999999994,13.0,24.399999999999977,32.0,55.52000000000001,82.0
hi,english_passage_characters,2496,322.2864583333333,55.0,250.75,296.0,327.0,346.0,516.0,579.25,717.3500000000013,943.0
hi,english_passage_tokens,2496,79.25600961538461,11.0,61.0,72.0,84.0,89.0,124.0,144.0,173.10000000000036,299.0
hi,english_passage_utf8_bytes,2496,323.2840544871795,55.0,252.0,297.0,327.0,347.25,518.5,580.0,717.3500000000013,943.0
hi,english_passage_whitespace_words,2496,54.765625,3.0,42.0,50.0,58.0,61.0,86.0,102.0,123.05000000000018,169.0
hi,english_query_characters,250,33.172,8.0,24.0,32.0,39.0,40.75,48.0,53.55000000000001,65.52999999999997,78.0
hi,english_query_tokens,250,7.752,2.0,6.0,7.0,9.0,10.0,12.0,13.0,14.509999999999991,18.0
hi,english_query_utf8_bytes,250,33.172,8.0,24.0,32.0,39.0,40.75,48.0,53.55000000000001,65.52999999999997,78.0
hi,english_query_whitespace_words,250,5.812,2.0,4.0,6.0,7.0,7.0,8.0,9.0,12.509999999999991,15.0
hi,passage_translation_character_ratio,2496,1.0043059578045415,0.19708029197080293,0.9360834113230279,1.0031695800683142,1.0568459123858842,1.0708435708435708,1.1369201339072212,1.1800728092225015,1.26932063263839,13.416526138279933
hi,passage_translation_word_ratio,2496,1.1386101174202352,0.25,1.0434782608695652,1.1346153846153846,1.2045454545454546,1.2244897959183674,1.3076923076923077,1.36715319039008,1.4898936170212784,14.353535353535353
hi,passages_per_record,250,9.984,7.0,10.0,10.0,10.0,10.0,10.0,10.0,10.0,10.0
hi,translated_answer_characters,250,116.268,2.0,20.0,20.0,59.30000000000001,82.75,160.29999999999998,232.55,399.6099999999999,7515.0
hi,translated_answer_tokens,250,33.696,1.0,5.0,5.0,19.30000000000001,25.75,44.0,71.65000000000003,119.0,2047.0
hi,translated_answer_utf8_bytes,250,298.468,2.0,54.0,54.0,146.20000000000005,210.25,402.99999999999994,606.95,1016.53,18525.0
hi,translated_answer_whitespace_words,250,24.208,1.0,4.0,4.0,11.0,16.0,31.099999999999994,45.650000000000034,81.03999999999996,2011.0
hi,translated_passage_characters,2496,323.69591346153845,53.0,246.0,295.0,339.0,356.25,496.0,570.0,688.1000000000004,7956.0
hi,translated_passage_tokens,2496,96.26602564102564,12.0,71.0,87.0,103.0,109.0,146.0,169.0,213.0,2449.0
hi,translated_passage_utf8_bytes,2496,822.3846153846154,130.0,622.0,750.0,863.5,908.0,1262.5,1454.25,1724.0,19674.0
hi,translated_passage_whitespace_words,2496,62.28886217948718,6.0,46.0,57.0,66.0,69.0,95.5,111.0,136.05000000000018,1427.0
hi,translated_query_characters,250,67.38,9.0,27.0,35.0,42.0,44.0,55.0,61.55000000000001,74.0,7783.0
hi,translated_query_tokens,250,19.92,4.0,8.0,10.0,13.0,14.0,16.0,19.0,23.529999999999973,2252.0
hi,translated_query_utf8_bytes,250,176.196,25.0,70.0,93.0,111.30000000000001,116.0,143.0,164.55,195.01999999999998,20077.0
hi,translated_query_whitespace_words,250,13.496,2.0,5.0,6.0,8.0,9.0,11.0,12.0,14.509999999999991,1637.0
kn,english_answer_characters,249,57.5863453815261,2.0,18.0,18.0,60.39999999999998,80.0,150.0,219.19999999999987,320.68000000000006,414.0
kn,english_answer_tokens,249,14.17269076305221,1.0,4.0,4.0,16.0,20.0,33.39999999999998,51.599999999999994,89.08000000000004,99.0
kn,english_answer_utf8_bytes,249,57.65461847389558,2.0,18.0,18.0,60.39999999999998,80.0,150.0,219.19999999999987,322.6,414.0
kn,english_answer_whitespace_words,249,9.74698795180723,1.0,3.0,3.0,9.599999999999994,13.0,24.399999999999977,32.0,55.52000000000001,82.0
kn,english_passage_characters,2496,322.2864583333333,55.0,250.75,296.0,327.0,346.0,516.0,579.25,717.3500000000013,943.0
kn,english_passage_tokens,2496,79.25600961538461,11.0,61.0,72.0,84.0,89.0,124.0,144.0,173.10000000000036,299.0
kn,english_passage_utf8_bytes,2496,323.2840544871795,55.0,252.0,297.0,327.0,347.25,518.5,580.0,717.3500000000013,943.0
kn,english_passage_whitespace_words,2496,54.765625,3.0,42.0,50.0,58.0,61.0,86.0,102.0,123.05000000000018,169.0
kn,english_query_characters,250,33.172,8.0,24.0,32.0,39.0,40.75,48.0,53.55000000000001,65.52999999999997,78.0
kn,english_query_tokens,250,7.752,2.0,6.0,7.0,9.0,10.0,12.0,13.0,14.509999999999991,18.0
kn,english_query_utf8_bytes,250,33.172,8.0,24.0,32.0,39.0,40.75,48.0,53.55000000000001,65.52999999999997,78.0
kn,english_query_whitespace_words,250,5.812,2.0,4.0,6.0,7.0,7.0,8.0,9.0,12.509999999999991,15.0
kn,passage_translation_character_ratio,2496,1.0785122739476045,0.34760705289672544,0.9829345531315975,1.0565314158534496,1.11750208855472,1.136473112629182,1.2141539272535582,1.2608160921961906,1.402834623893806,9.80722891566265
kn,passage_translation_word_ratio,2496,0.7543518007263368,0.03636363636363636,0.6666666666666666,0.7346938775510204,0.792059748427673,0.8095238095238095,0.88,0.9354838709677419,1.0667816091954028,7.7272727272727275
kn,passages_per_record,250,9.984,7.0,10.0,10.0,10.0,10.0,10.0,10.0,10.0,10.0
kn,translated_answer_characters,250,82.648,4.0,23.0,23.0,66.30000000000001,88.75,163.49999999999991,238.20000000000005,465.7299999999998,2378.0
kn,translated_answer_tokens,250,25.392,1.0,5.0,5.0,23.0,27.0,50.0,86.10000000000002,146.03999999999996,791.0
kn,translated_answer_utf8_bytes,250,225.756,7.0,63.0,63.0,182.20000000000005,235.75,450.6999999999997,648.6000000000001,1240.53,6604.0
kn,translated_answer_whitespace_words,250,9.984,1.0,3.0,3.0,8.0,9.75,19.0,28.0,63.669999999999845,294.0
kn,translated_passage_characters,2496,347.1482371794872,63.0,260.0,312.0,359.5,381.0,538.0,608.25,775.100000000004,2540.0
kn,translated_passage_tokens,2496,108.84735576923077,14.0,80.0,97.0,115.0,123.0,161.0,190.25,246.15000000000055,1844.0
kn,translated_passage_utf8_bytes,2496,934.2375801282051,171.0,698.0,841.0,970.0,1027.0,1440.5,1635.0,2078.300000000001,6590.0
kn,translated_passage_whitespace_words,2496,40.98076923076923,2.0,30.0,37.0,43.0,46.0,62.0,73.0,94.05000000000018,360.0
kn,translated_query_characters,250,39.008,10.0,29.25,37.0,45.30000000000001,48.0,58.0,63.55000000000001,75.56999999999994,87.0
kn,translated_query_tokens,250,13.016,4.0,10.0,13.0,15.0,16.0,19.0,20.0,25.50999999999999,29.0
kn,translated_query_utf8_bytes,250,108.6,28.0,82.25,104.5,128.3,133.75,156.0,177.20000000000005,206.66999999999985,243.0
kn,translated_query_whitespace_words,250,4.692,2.0,3.0,4.0,5.0,6.0,7.0,8.0,10.0,13.0
ml,english_answer_characters,249,57.5863453815261,2.0,18.0,18.0,60.39999999999998,80.0,150.0,219.19999999999987,320.68000000000006,414.0
ml,english_answer_tokens,249,14.17269076305221,1.0,4.0,4.0,16.0,20.0,33.39999999999998,51.599999999999994,89.08000000000004,99.0
ml,english_answer_utf8_bytes,249,57.65461847389558,2.0,18.0,18.0,60.39999999999998,80.0,150.0,219.19999999999987,322.6,414.0
ml,english_answer_whitespace_words,249,9.74698795180723,1.0,3.0,3.0,9.599999999999994,13.0,24.399999999999977,32.0,55.52000000000001,82.0
ml,english_passage_characters,2496,322.2864583333333,55.0,250.75,296.0,327.0,346.0,516.0,579.25,717.3500000000013,943.0
ml,english_passage_tokens,2496,79.25600961538461,11.0,61.0,72.0,84.0,89.0,124.0,144.0,173.10000000000036,299.0
ml,english_passage_utf8_bytes,2496,323.2840544871795,55.0,252.0,297.0,327.0,347.25,518.5,580.0,717.3500000000013,943.0
ml,english_passage_whitespace_words,2496,54.765625,3.0,42.0,50.0,58.0,61.0,86.0,102.0,123.05000000000018,169.0
ml,english_query_characters,250,33.172,8.0,24.0,32.0,39.0,40.75,48.0,53.55000000000001,65.52999999999997,78.0
ml,english_query_tokens,250,7.752,2.0,6.0,7.0,9.0,10.0,12.0,13.0,14.509999999999991,18.0
ml,english_query_utf8_bytes,250,33.172,8.0,24.0,32.0,39.0,40.75,48.0,53.55000000000001,65.52999999999997,78.0
ml,english_query_whitespace_words,250,5.812,2.0,4.0,6.0,7.0,7.0,8.0,9.0,12.509999999999991,15.0
ml,passage_translation_character_ratio,2496,1.1456311976981992,0.24096385542168675,1.0196681032746606,1.1080889709843762,1.1796090916758035,1.2,1.2842888424405294,1.3421481092436973,1.5558120868744119,21.310606060606062
ml,passage_translation_word_ratio,2496,0.7331194818959934,0.018518518518518517,0.6326530612244898,0.7,0.7619047619047619,0.7796610169491526,0.856203007518797,0.9202631578947369,1.1116161616161635,18.357142857142858
ml,passages_per_record,250,9.984,7.0,10.0,10.0,10.0,10.0,10.0,10.0,10.0,10.0
ml,translated_answer_characters,250,79.56,3.0,12.0,12.0,68.50000000000006,87.25,162.49999999999997,254.5000000000001,476.64999999999986,2603.0
ml,translated_answer_tokens,250,23.704,1.0,3.0,3.0,21.0,26.0,49.29999999999998,82.20000000000005,148.51,708.0
ml,translated_answer_utf8_bytes,250,215.824,9.0,32.0,32.0,185.0,242.25,450.1,697.4000000000005,1278.57,7419.0
ml,translated_answer_whitespace_words,250,9.188,1.0,2.0,2.0,7.0,9.0,17.099999999999994,27.55000000000001,59.11999999999989,359.0
ml,translated_passage_characters,2496,367.4971955128205,58.0,271.0,327.0,378.0,397.25,564.5,647.0,911.0000000000036,3412.0
ml,translated_passage_tokens,2496,107.67067307692308,15.0,77.0,95.0,113.0,119.25,162.0,188.0,259.0500000000002,1366.0
ml,translated_passage_utf8_bytes,2496,995.083733974359,138.0,732.0,886.0,1024.0,1078.0,1531.5,1763.25,2447.150000000008,10236.0
ml,translated_passage_whitespace_words,2496,39.45673076923077,1.0,28.0,35.0,41.0,44.0,61.0,70.25,97.10000000000036,392.0
ml,translated_query_characters,250,39.668,11.0,28.25,38.0,46.0,50.0,58.0,65.55000000000001,76.0,103.0
ml,translated_query_tokens,250,12.596,3.0,9.0,12.0,15.0,16.0,19.0,21.0,24.0,29.0
ml,translated_query_utf8_bytes,250,110.932,31.0,80.0,106.0,129.0,139.75,162.1,185.75000000000006,215.51,281.0
ml,translated_query_whitespace_words,250,4.44,1.0,3.0,4.0,5.0,5.0,7.0,7.0,8.0,14.0
mr,english_answer_characters,249,57.5863453815261,2.0,18.0,18.0,60.39999999999998,80.0,150.0,219.19999999999987,320.68000000000006,414.0
mr,english_answer_tokens,249,14.17269076305221,1.0,4.0,4.0,16.0,20.0,33.39999999999998,51.599999999999994,89.08000000000004,99.0
mr,english_answer_utf8_bytes,249,57.65461847389558,2.0,18.0,18.0,60.39999999999998,80.0,150.0,219.19999999999987,322.6,414.0
mr,english_answer_whitespace_words,249,9.74698795180723,1.0,3.0,3.0,9.599999999999994,13.0,24.399999999999977,32.0,55.52000000000001,82.0
mr,english_passage_characters,2496,322.2864583333333,55.0,250.75,296.0,327.0,346.0,516.0,579.25,717.3500000000013,943.0
mr,english_passage_tokens,2496,79.25600961538461,11.0,61.0,72.0,84.0,89.0,124.0,144.0,173.10000000000036,299.0
mr,english_passage_utf8_bytes,2496,323.2840544871795,55.0,252.0,297.0,327.0,347.25,518.5,580.0,717.3500000000013,943.0
mr,english_passage_whitespace_words,2496,54.765625,3.0,42.0,50.0,58.0,61.0,86.0,102.0,123.05000000000018,169.0
mr,english_query_characters,250,33.172,8.0,24.0,32.0,39.0,40.75,48.0,53.55000000000001,65.52999999999997,78.0
mr,english_query_tokens,250,7.752,2.0,6.0,7.0,9.0,10.0,12.0,13.0,14.509999999999991,18.0
mr,english_query_utf8_bytes,250,33.172,8.0,24.0,32.0,39.0,40.75,48.0,53.55000000000001,65.52999999999997,78.0
mr,english_query_whitespace_words,250,5.812,2.0,4.0,6.0,7.0,7.0,8.0,9.0,12.509999999999991,15.0
mr,passage_translation_character_ratio,2496,1.018547295139663,0.047619047619047616,0.9179137919372294,0.9881887933038829,1.0416666666666667,1.0581613149847096,1.1239830989468373,1.1656820876219216,1.2875730949235515,23.70486111111111
mr,passage_translation_word_ratio,2496,0.874165023186682,0.045871559633027525,0.7777777777777778,0.85,0.9024390243902439,0.9183673469387755,0.9782608695652174,1.0208333333333333,1.1404761904761909,24.654545454545456
mr,passages_per_record,250,9.984,7.0,10.0,10.0,10.0,10.0,10.0,10.0,10.0,10.0
mr,translated_answer_characters,250,79.836,2.0,11.0,11.0,63.0,83.75,146.49999999999997,214.0,364.1299999999994,6143.0
mr,translated_answer_tokens,250,22.404,1.0,3.0,4.5,20.30000000000001,24.0,43.0,70.55000000000001,122.03999999999996,1367.0
mr,translated_answer_utf8_bytes,250,214.988,5.0,29.0,29.0,168.20000000000005,215.25,395.0999999999999,566.3000000000001,964.6399999999985,17065.0
mr,translated_answer_whitespace_words,250,11.176,1.0,2.0,2.0,9.0,11.0,21.0,33.0,57.62999999999988,683.0
mr,translated_passage_characters,2496,325.8044871794872,29.0,244.0,290.0,334.0,350.25,491.5,557.25,684.0500000000002,7385.0
mr,translated_passage_tokens,2496,97.68429487179488,8.0,71.0,86.0,102.0,107.0,143.0,164.0,213.0,3064.0
mr,translated_passage_utf8_bytes,2496,857.4947916666666,29.0,641.0,770.0,883.5,925.25,1284.0,1464.0,1789.7500000000027,19337.0
mr,translated_passage_whitespace_words,2496,47.41746794871795,4.0,35.0,42.0,49.0,52.0,71.0,83.0,105.05000000000018,1356.0
mr,translated_query_characters,250,34.788,9.0,25.25,33.0,40.0,42.0,53.0,60.0,69.50999999999999,77.0
mr,translated_query_tokens,250,10.88,3.0,8.0,11.0,13.0,13.0,17.0,18.0,21.0,24.0
mr,translated_query_utf8_bytes,250,95.26,25.0,70.0,92.0,110.0,115.75,143.29999999999998,162.55,194.56999999999994,205.0
mr,translated_query_whitespace_words,250,5.188,1.0,4.0,5.0,6.0,6.0,8.0,9.0,10.509999999999991,13.0
ne,english_answer_characters,249,57.5863453815261,2.0,18.0,18.0,60.39999999999998,80.0,150.0,219.19999999999987,320.68000000000006,414.0
ne,english_answer_tokens,249,14.17269076305221,1.0,4.0,4.0,16.0,20.0,33.39999999999998,51.599999999999994,89.08000000000004,99.0
ne,english_answer_utf8_bytes,249,57.65461847389558,2.0,18.0,18.0,60.39999999999998,80.0,150.0,219.19999999999987,322.6,414.0
ne,english_answer_whitespace_words,249,9.74698795180723,1.0,3.0,3.0,9.599999999999994,13.0,24.399999999999977,32.0,55.52000000000001,82.0
ne,english_passage_characters,2496,322.2864583333333,55.0,250.75,296.0,327.0,346.0,516.0,579.25,717.3500000000013,943.0
ne,english_passage_tokens,2496,79.25600961538461,11.0,61.0,72.0,84.0,89.0,124.0,144.0,173.10000000000036,299.0
ne,english_passage_utf8_bytes,2496,323.2840544871795,55.0,252.0,297.0,327.0,347.25,518.5,580.0,717.3500000000013,943.0
ne,english_passage_whitespace_words,2496,54.765625,3.0,42.0,50.0,58.0,61.0,86.0,102.0,123.05000000000018,169.0
ne,english_query_characters,250,33.172,8.0,24.0,32.0,39.0,40.75,48.0,53.55000000000001,65.52999999999997,78.0
ne,english_query_tokens,250,7.752,2.0,6.0,7.0,9.0,10.0,12.0,13.0,14.509999999999991,18.0
ne,english_query_utf8_bytes,250,33.172,8.0,24.0,32.0,39.0,40.75,48.0,53.55000000000001,65.52999999999997,78.0
ne,english_query_whitespace_words,250,5.812,2.0,4.0,6.0,7.0,7.0,8.0,9.0,12.509999999999991,15.0
ne,passage_translation_character_ratio,2496,1.0264457748206395,0.35625,0.9022062736689471,0.9741462382122108,1.0265408805031446,1.0441464968152867,1.116395173232849,1.157937181663837,1.2805689284524784,38.1055900621118
ne,passage_translation_word_ratio,2496,0.9144540975196828,0.31007751937984496,0.7884615384615384,0.8606123049749779,0.9117647058823529,0.9272727272727272,1.0,1.032258064516129,1.1428571428571428,50.958333333333336
ne,passages_per_record,250,9.984,7.0,10.0,10.0,10.0,10.0,10.0,10.0,10.0,10.0
ne,translated_answer_characters,250,114.912,2.0,15.0,15.0,57.30000000000001,79.75,143.0,211.5000000000001,391.2899999999993,8189.0
ne,translated_answer_tokens,250,31.14,1.0,4.0,4.0,18.0,21.75,39.0,60.55000000000001,120.05999999999995,2458.0
ne,translated_answer_utf8_bytes,250,311.208,5.0,41.0,41.0,157.3,213.5,391.0,562.7000000000004,1047.5099999999982,22519.0
ne,translated_answer_whitespace_words,250,15.84,1.0,3.0,3.0,8.0,11.75,21.0,32.55000000000001,60.62999999999988,1025.0
ne,translated_passage_characters,2496,331.2568108974359,46.0,239.0,286.0,328.0,347.0,484.0,561.0,711.1500000000005,7538.0
ne,translated_passage_tokens,2496,96.42788461538461,11.0,68.0,83.0,97.0,103.0,139.0,163.25,216.0,2648.0
ne,translated_passage_utf8_bytes,2496,882.2123397435897,126.0,636.75,761.0,872.0,925.5,1291.5,1487.0,1892.550000000002,20443.0
ne,translated_passage_whitespace_words,2496,49.83253205128205,4.0,35.0,43.0,50.0,53.0,72.0,84.0,110.0,1488.0
ne,translated_query_characters,250,34.216,9.0,25.0,33.0,40.30000000000001,42.0,51.099999999999994,57.10000000000002,69.0,95.0
ne,translated_query_tokens,250,10.12,3.0,7.0,10.0,12.0,12.0,15.0,17.0,22.0,27.0
ne,translated_query_utf8_bytes,250,93.6,25.0,68.0,90.0,111.0,116.0,138.1,154.20000000000005,190.01999999999998,251.0
ne,translated_query_whitespace_words,250,5.296,2.0,4.0,5.0,6.0,6.75,8.0,9.0,10.0,18.0
or,english_answer_characters,249,57.5863453815261,2.0,18.0,18.0,60.39999999999998,80.0,150.0,219.19999999999987,320.68000000000006,414.0
or,english_answer_tokens,249,14.17269076305221,1.0,4.0,4.0,16.0,20.0,33.39999999999998,51.599999999999994,89.08000000000004,99.0
or,english_answer_utf8_bytes,249,57.65461847389558,2.0,18.0,18.0,60.39999999999998,80.0,150.0,219.19999999999987,322.6,414.0
or,english_answer_whitespace_words,249,9.74698795180723,1.0,3.0,3.0,9.599999999999994,13.0,24.399999999999977,32.0,55.52000000000001,82.0
or,english_passage_characters,2496,322.2864583333333,55.0,250.75,296.0,327.0,346.0,516.0,579.25,717.3500000000013,943.0
or,english_passage_tokens,2496,79.25600961538461,11.0,61.0,72.0,84.0,89.0,124.0,144.0,173.10000000000036,299.0
or,english_passage_utf8_bytes,2496,323.2840544871795,55.0,252.0,297.0,327.0,347.25,518.5,580.0,717.3500000000013,943.0
or,english_passage_whitespace_words,2496,54.765625,3.0,42.0,50.0,58.0,61.0,86.0,102.0,123.05000000000018,169.0
or,english_query_characters,250,33.172,8.0,24.0,32.0,39.0,40.75,48.0,53.55000000000001,65.52999999999997,78.0
or,english_query_tokens,250,7.752,2.0,6.0,7.0,9.0,10.0,12.0,13.0,14.509999999999991,18.0
or,english_query_utf8_bytes,250,33.172,8.0,24.0,32.0,39.0,40.75,48.0,53.55000000000001,65.52999999999997,78.0
or,english_query_whitespace_words,250,5.812,2.0,4.0,6.0,7.0,7.0,8.0,9.0,12.509999999999991,15.0
or,passage_translation_character_ratio,2496,1.0197420952014664,0.32792207792207795,0.9172967617458414,0.99079754601227,1.046803270097474,1.0611694318014977,1.1403193234885776,1.1870301403083319,2.639220614664557,6.476190476190476
or,passage_translation_word_ratio,2496,0.9431653638421162,0.2,0.8421052631578947,0.9111111111111111,0.9680814940577249,0.9813516787815854,1.0555555555555556,1.1137987012987014,2.325696150696178,7.754716981132075
or,passages_per_record,250,9.984,7.0,10.0,10.0,10.0,10.0,10.0,10.0,10.0,10.0
or,translated_answer_characters,250,65.168,2.0,31.0,31.0,57.60000000000002,81.75,155.0,218.55,379.8499999999997,421.0
or,translated_answer_tokens,250,22.864,1.0,9.0,9.0,20.30000000000001,29.75,52.69999999999996,78.55000000000001,149.52999999999997,172.0
or,translated_answer_utf8_bytes,250,175.972,5.0,87.0,87.0,156.80000000000007,215.75,415.4,581.8500000000001,1006.6799999999994,1095.0
or,translated_answer_whitespace_words,250,9.68,1.0,4.0,4.0,9.0,12.0,22.0,31.55000000000001,57.159999999999854,75.0
or,translated_passage_characters,2496,329.8373397435897,54.0,245.0,292.0,335.0,353.0,493.5,574.0,1599.5000000000018,1873.0
or,translated_passage_tokens,2496,115.65985576923077,13.0,83.0,100.5,120.0,126.25,171.0,202.0,450.9500000000071,1187.0
or,translated_passage_utf8_bytes,2496,862.4286858974359,148.0,637.75,768.0,883.0,925.0,1294.0,1494.25,4357.1,4989.0
or,translated_passage_whitespace_words,2496,51.97876602564103,5.0,37.0,45.0,53.0,57.0,79.0,95.0,204.65000000000236,426.0
or,translated_query_characters,250,42.96,9.0,25.0,35.0,43.0,45.75,54.099999999999994,60.55000000000001,75.01999999999998,1773.0
or,translated_query_tokens,250,15.156,4.0,10.0,13.0,16.0,16.0,20.0,22.0,27.50999999999999,417.0
or,translated_query_utf8_bytes,250,115.384,21.0,69.0,95.0,117.60000000000002,124.0,147.0,165.65000000000003,204.03999999999996,4503.0
or,translated_query_whitespace_words,250,7.168,2.0,4.0,5.0,7.0,7.0,8.0,9.0,12.509999999999991,408.0
pa,english_answer_characters,249,57.5863453815261,2.0,18.0,18.0,60.39999999999998,80.0,150.0,219.19999999999987,320.68000000000006,414.0
pa,english_answer_tokens,249,14.17269076305221,1.0,4.0,4.0,16.0,20.0,33.39999999999998,51.599999999999994,89.08000000000004,99.0
pa,english_answer_utf8_bytes,249,57.65461847389558,2.0,18.0,18.0,60.39999999999998,80.0,150.0,219.19999999999987,322.6,414.0
pa,english_answer_whitespace_words,249,9.74698795180723,1.0,3.0,3.0,9.599999999999994,13.0,24.399999999999977,32.0,55.52000000000001,82.0
pa,english_passage_characters,2496,322.2864583333333,55.0,250.75,296.0,327.0,346.0,516.0,579.25,717.3500000000013,943.0
pa,english_passage_tokens,2496,79.25600961538461,11.0,61.0,72.0,84.0,89.0,124.0,144.0,173.10000000000036,299.0
pa,english_passage_utf8_bytes,2496,323.2840544871795,55.0,252.0,297.0,327.0,347.25,518.5,580.0,717.3500000000013,943.0
pa,english_passage_whitespace_words,2496,54.765625,3.0,42.0,50.0,58.0,61.0,86.0,102.0,123.05000000000018,169.0
pa,english_query_characters,250,33.172,8.0,24.0,32.0,39.0,40.75,48.0,53.55000000000001,65.52999999999997,78.0
pa,english_query_tokens,250,7.752,2.0,6.0,7.0,9.0,10.0,12.0,13.0,14.509999999999991,18.0
pa,english_query_utf8_bytes,250,33.172,8.0,24.0,32.0,39.0,40.75,48.0,53.55000000000001,65.52999999999997,78.0
pa,english_query_whitespace_words,250,5.812,2.0,4.0,6.0,7.0,7.0,8.0,9.0,12.509999999999991,15.0
pa,passage_translation_character_ratio,2496,1.0113757654953215,0.3281519861830743,0.9261669562220913,0.9938460955843369,1.0416670947063476,1.0571701199563797,1.122025962543204,1.1613967848397744,1.2650255703947888,14.55421686746988
pa,passage_translation_word_ratio,2496,1.1460128187535092,0.3978494623655914,1.0427811550151977,1.1265381764269828,1.1875,1.2075471698113207,1.3,1.353926282051282,1.4871621621621645,13.73913043478261
pa,passages_per_record,250,9.984,7.0,10.0,10.0,10.0,10.0,10.0,10.0,10.0,10.0
pa,translated_answer_characters,250,80.86,3.0,23.0,23.0,61.30000000000001,82.0,150.59999999999997,237.30000000000007,402.0799999999999,2607.0
pa,translated_answer_tokens,250,28.116,1.0,6.0,6.0,26.30000000000001,31.0,57.099999999999994,85.0,166.56999999999994,1025.0
pa,translated_answer_utf8_bytes,250,208.388,9.0,61.0,61.0,160.3,212.0,381.3999999999999,595.1500000000001,1013.1799999999998,6703.0
pa,translated_answer_whitespace_words,250,16.236,1.0,5.0,5.0,12.0,16.0,28.19999999999999,46.0,83.0,560.0
pa,translated_passage_characters,2496,324.31450320512823,52.0,244.0,294.0,337.0,355.0,503.0,578.25,736.1500000000005,2735.0
pa,translated_passage_tokens,2496,120.7431891025641,19.0,89.0,109.0,126.0,135.0,184.0,213.25,273.10000000000036,1507.0
pa,translated_passage_utf8_bytes,2496,822.6117788461538,120.0,615.0,748.0,859.0,902.25,1277.0,1468.25,1848.7500000000027,6742.0
pa,translated_passage_whitespace_words,2496,62.4619391025641,8.0,46.0,57.0,66.0,69.0,97.0,114.25,150.0,559.0
pa,translated_query_characters,250,34.984,7.0,25.25,35.0,40.0,42.0,52.0,60.0,71.50999999999999,106.0
pa,translated_query_tokens,250,13.976,4.0,10.0,13.0,16.0,17.0,21.0,23.55000000000001,26.50999999999999,32.0
pa,translated_query_utf8_bytes,250,92.608,19.0,67.25,91.0,105.30000000000001,112.75,136.1,162.0,188.56999999999994,278.0
pa,translated_query_whitespace_words,250,6.768,2.0,5.0,6.0,8.0,8.0,10.0,12.0,14.509999999999991,21.0
sa,english_answer_characters,249,57.5863453815261,2.0,18.0,18.0,60.39999999999998,80.0,150.0,219.19999999999987,320.68000000000006,414.0
sa,english_answer_tokens,249,14.17269076305221,1.0,4.0,4.0,16.0,20.0,33.39999999999998,51.599999999999994,89.08000000000004,99.0
sa,english_answer_utf8_bytes,249,57.65461847389558,2.0,18.0,18.0,60.39999999999998,80.0,150.0,219.19999999999987,322.6,414.0
sa,english_answer_whitespace_words,249,9.74698795180723,1.0,3.0,3.0,9.599999999999994,13.0,24.399999999999977,32.0,55.52000000000001,82.0
sa,english_passage_characters,2496,322.2864583333333,55.0,250.75,296.0,327.0,346.0,516.0,579.25,717.3500000000013,943.0
sa,english_passage_tokens,2496,79.25600961538461,11.0,61.0,72.0,84.0,89.0,124.0,144.0,173.10000000000036,299.0
sa,english_passage_utf8_bytes,2496,323.2840544871795,55.0,252.0,297.0,327.0,347.25,518.5,580.0,717.3500000000013,943.0
sa,english_passage_whitespace_words,2496,54.765625,3.0,42.0,50.0,58.0,61.0,86.0,102.0,123.05000000000018,169.0
sa,english_query_characters,250,33.172,8.0,24.0,32.0,39.0,40.75,48.0,53.55000000000001,65.52999999999997,78.0
sa,english_query_tokens,250,7.752,2.0,6.0,7.0,9.0,10.0,12.0,13.0,14.509999999999991,18.0
sa,english_query_utf8_bytes,250,33.172,8.0,24.0,32.0,39.0,40.75,48.0,53.55000000000001,65.52999999999997,78.0
sa,english_query_whitespace_words,250,5.812,2.0,4.0,6.0,7.0,7.0,8.0,9.0,12.509999999999991,15.0
sa,passage_translation_character_ratio,2496,1.2036583446120594,0.23943661971830985,0.943524385560676,1.037399071778244,1.1123904233293689,1.136588628257058,1.2314786585365853,1.3003221248642436,1.5531113173976963,80.76086956521739
sa,passage_translation_word_ratio,2496,0.842417831242182,0.041666666666666664,0.6341463414634146,0.717391304347826,0.782608695652174,0.8048780487804879,0.9032258064516129,0.9707983193277311,1.4189024390244056,50.2
sa,passages_per_record,250,9.984,7.0,10.0,10.0,10.0,10.0,10.0,10.0,10.0,10.0
sa,translated_answer_characters,250,57.56,2.0,14.0,14.0,61.900000000000034,80.5,161.1,208.05000000000013,357.81999999999925,519.0
sa,translated_answer_tokens,250,21.94,1.0,5.0,5.0,22.0,30.75,58.0,86.75000000000006,154.19999999999982,205.0
sa,translated_answer_utf8_bytes,250,156.856,2.0,40.0,40.0,166.50000000000006,221.5,437.0999999999999,563.4000000000001,976.159999999998,1385.0
sa,translated_answer_whitespace_words,250,6.88,1.0,2.0,2.0,6.300000000000011,9.0,17.099999999999994,25.55000000000001,39.50999999999999,64.0
sa,translated_passage_characters,2496,387.90584935897436,42.0,253.0,307.0,353.0,375.0,523.0,601.25,851.1000000000076,12809.0
sa,translated_passage_tokens,2496,143.29807692307693,15.0,91.0,112.0,135.0,143.0,190.0,226.25,332.3000000000011,3379.0
sa,translated_passage_utf8_bytes,2496,1036.3273237179487,118.0,678.0,826.0,950.0,1007.0,1396.5,1616.5,2216.1000000000004,21506.0
sa,translated_passage_whitespace_words,2496,45.78245192307692,2.0,29.0,36.0,43.0,46.0,61.5,74.0,119.75000000000273,2686.0
sa,translated_query_characters,250,38.352,8.0,25.25,38.0,46.30000000000001,49.0,60.099999999999994,66.0,75.01999999999998,87.0
sa,translated_query_tokens,250,14.456,3.0,10.0,14.0,17.0,18.0,23.0,26.0,30.019999999999982,36.0
sa,translated_query_utf8_bytes,250,106.28,22.0,71.0,106.0,127.30000000000001,137.0,165.39999999999998,182.55,208.07999999999993,247.0
sa,translated_query_whitespace_words,250,4.416,1.0,3.0,4.0,5.0,6.0,7.0,8.0,9.509999999999991,11.0
ta,english_answer_characters,249,57.5863453815261,2.0,18.0,18.0,60.39999999999998,80.0,150.0,219.19999999999987,320.68000000000006,414.0
ta,english_answer_tokens,249,14.17269076305221,1.0,4.0,4.0,16.0,20.0,33.39999999999998,51.599999999999994,89.08000000000004,99.0
ta,english_answer_utf8_bytes,249,57.65461847389558,2.0,18.0,18.0,60.39999999999998,80.0,150.0,219.19999999999987,322.6,414.0
ta,english_answer_whitespace_words,249,9.74698795180723,1.0,3.0,3.0,9.599999999999994,13.0,24.399999999999977,32.0,55.52000000000001,82.0
ta,english_passage_characters,2496,322.2864583333333,55.0,250.75,296.0,327.0,346.0,516.0,579.25,717.3500000000013,943.0
ta,english_passage_tokens,2496,79.25600961538461,11.0,61.0,72.0,84.0,89.0,124.0,144.0,173.10000000000036,299.0
ta,english_passage_utf8_bytes,2496,323.2840544871795,55.0,252.0,297.0,327.0,347.25,518.5,580.0,717.3500000000013,943.0
ta,english_passage_whitespace_words,2496,54.765625,3.0,42.0,50.0,58.0,61.0,86.0,102.0,123.05000000000018,169.0
ta,english_query_characters,250,33.172,8.0,24.0,32.0,39.0,40.75,48.0,53.55000000000001,65.52999999999997,78.0
ta,english_query_tokens,250,7.752,2.0,6.0,7.0,9.0,10.0,12.0,13.0,14.509999999999991,18.0
ta,english_query_utf8_bytes,250,33.172,8.0,24.0,32.0,39.0,40.75,48.0,53.55000000000001,65.52999999999997,78.0
ta,english_query_whitespace_words,250,5.812,2.0,4.0,6.0,7.0,7.0,8.0,9.0,12.509999999999991,15.0
ta,passage_translation_character_ratio,2496,1.1953298884598034,0.3963254593175853,1.0563805399898116,1.1449826894543058,1.2144599303135888,1.2359967123096025,1.3296472792440535,1.392400523784143,1.5793687880136478,18.180722891566266
ta,passage_translation_word_ratio,2496,0.8144564965733218,0.2894736842105263,0.6988510826336721,0.7650060024009604,0.822875816993464,0.8451591511936339,0.926829268292683,0.981195756991321,1.25,18.782608695652176
ta,passages_per_record,250,9.984,7.0,10.0,10.0,10.0,10.0,10.0,10.0,10.0,10.0
ta,translated_answer_characters,250,79.18,3.0,19.0,19.0,71.60000000000002,94.75,170.2,263.75000000000006,452.5599999999995,2817.0
ta,translated_answer_tokens,250,20.604,1.0,5.0,5.0,22.0,25.0,46.099999999999994,77.55000000000001,134.51,519.0
ta,translated_answer_utf8_bytes,250,215.232,9.0,51.0,51.0,194.80000000000007,257.75,458.6999999999999,711.6500000000001,1228.5799999999986,7885.0
ta,translated_answer_whitespace_words,250,9.488,1.0,3.0,3.0,9.0,11.0,20.0,29.55000000000001,54.09999999999991,284.0
ta,translated_passage_characters,2496,382.09815705128204,63.0,282.0,337.0,391.0,413.0,580.0,666.5,912.4500000000016,3516.0
ta,translated_passage_tokens,2496,102.625,16.0,74.0,90.5,107.0,115.0,155.0,182.0,244.20000000000073,1078.0
ta,translated_passage_utf8_bytes,2496,1029.151842948718,153.0,758.0,910.0,1057.0,1116.0,1583.0,1805.25,2405.5000000000055,9325.0
ta,translated_passage_whitespace_words,2496,43.78926282051282,5.0,31.0,38.0,45.0,48.0,67.0,78.0,104.05000000000018,583.0
ta,translated_query_characters,250,43.788,10.0,31.0,42.0,50.30000000000001,54.0,65.0,73.55000000000001,101.05999999999995,135.0
ta,translated_query_tokens,250,12.384,3.0,9.0,11.0,14.300000000000011,15.0,19.0,21.55000000000001,28.019999999999982,32.0
ta,translated_query_utf8_bytes,250,122.004,28.0,87.0,117.0,141.3,151.0,179.2,204.65000000000003,277.2199999999998,375.0
ta,translated_query_whitespace_words,250,5.152,2.0,4.0,5.0,6.0,6.0,8.0,8.0,12.509999999999991,14.0
te,english_answer_characters,249,57.5863453815261,2.0,18.0,18.0,60.39999999999998,80.0,150.0,219.19999999999987,320.68000000000006,414.0
te,english_answer_tokens,249,14.17269076305221,1.0,4.0,4.0,16.0,20.0,33.39999999999998,51.599999999999994,89.08000000000004,99.0
te,english_answer_utf8_bytes,249,57.65461847389558,2.0,18.0,18.0,60.39999999999998,80.0,150.0,219.19999999999987,322.6,414.0
te,english_answer_whitespace_words,249,9.74698795180723,1.0,3.0,3.0,9.599999999999994,13.0,24.399999999999977,32.0,55.52000000000001,82.0
te,english_passage_characters,2496,322.2864583333333,55.0,250.75,296.0,327.0,346.0,516.0,579.25,717.3500000000013,943.0
te,english_passage_tokens,2496,79.25600961538461,11.0,61.0,72.0,84.0,89.0,124.0,144.0,173.10000000000036,299.0
te,english_passage_utf8_bytes,2496,323.2840544871795,55.0,252.0,297.0,327.0,347.25,518.5,580.0,717.3500000000013,943.0
te,english_passage_whitespace_words,2496,54.765625,3.0,42.0,50.0,58.0,61.0,86.0,102.0,123.05000000000018,169.0
te,english_query_characters,250,33.172,8.0,24.0,32.0,39.0,40.75,48.0,53.55000000000001,65.52999999999997,78.0
te,english_query_tokens,250,7.752,2.0,6.0,7.0,9.0,10.0,12.0,13.0,14.509999999999991,18.0
te,english_query_utf8_bytes,250,33.172,8.0,24.0,32.0,39.0,40.75,48.0,53.55000000000001,65.52999999999997,78.0
te,english_query_whitespace_words,250,5.812,2.0,4.0,6.0,7.0,7.0,8.0,9.0,12.509999999999991,15.0
te,passage_translation_character_ratio,2496,1.0358333724991713,0.3622291021671827,0.9456654743975903,1.0205339674829657,1.0752054617226428,1.0909090909090908,1.1565741225772657,1.1972116482679862,1.351262845563761,9.8714859437751
te,passage_translation_word_ratio,2496,0.7900518589681611,0.029411764705882353,0.7083333333333334,0.7714285714285715,0.8235294117647058,0.8388536866359447,0.9117647058823529,0.9547979797979799,1.0835144927536238,8.76923076923077
te,passages_per_record,250,9.984,7.0,10.0,10.0,10.0,10.0,10.0,10.0,10.0,10.0
te,translated_answer_characters,250,59.332,4.0,17.0,17.0,61.900000000000034,77.5,149.1,213.5000000000001,370.1399999999999,473.0
te,translated_answer_tokens,250,18.364,1.0,4.0,4.0,20.0,25.75,47.0,71.75000000000006,130.6099999999999,142.0
te,translated_answer_utf8_bytes,250,159.048,5.0,47.0,47.0,160.60000000000002,210.25,402.0999999999999,569.0500000000004,959.0,1277.0
te,translated_answer_whitespace_words,250,7.704,1.0,2.0,2.0,8.300000000000011,10.0,19.0,27.0,50.0,66.0
te,translated_passage_characters,2496,332.7996794871795,56.0,249.0,299.0,346.5,367.0,515.5,593.0,778.2500000000009,2558.0
te,translated_passage_tokens,2496,101.8125,16.0,76.0,92.0,109.0,116.0,155.5,183.25,236.05000000000018,893.0
te,translated_passage_utf8_bytes,2496,882.1923076923077,140.0,657.75,792.0,922.0,974.0,1371.0,1569.25,2045.0500000000038,6652.0
te,translated_passage_whitespace_words,2496,42.85897435897436,1.0,32.0,38.0,45.0,48.0,66.0,77.25,100.05000000000018,510.0
te,translated_query_characters,250,36.244,5.0,26.0,35.0,43.0,45.0,52.099999999999994,59.55000000000001,72.54999999999995,86.0
te,translated_query_tokens,250,11.948,2.0,9.0,11.0,14.0,15.0,17.099999999999994,19.55000000000001,23.50999999999999,27.0
te,translated_query_utf8_bytes,250,100.508,15.0,72.0,97.0,119.0,125.5,146.1,164.0,195.51,238.0
te,translated_query_whitespace_words,250,4.736,1.0,4.0,5.0,5.0,6.0,7.0,8.0,10.0,12.0
ur,english_answer_characters,249,57.5863453815261,2.0,18.0,18.0,60.39999999999998,80.0,150.0,219.19999999999987,320.68000000000006,414.0
ur,english_answer_tokens,249,14.17269076305221,1.0,4.0,4.0,16.0,20.0,33.39999999999998,51.599999999999994,89.08000000000004,99.0
ur,english_answer_utf8_bytes,249,57.65461847389558,2.0,18.0,18.0,60.39999999999998,80.0,150.0,219.19999999999987,322.6,414.0
ur,english_answer_whitespace_words,249,9.74698795180723,1.0,3.0,3.0,9.599999999999994,13.0,24.399999999999977,32.0,55.52000000000001,82.0
ur,english_passage_characters,2496,322.2864583333333,55.0,250.75,296.0,327.0,346.0,516.0,579.25,717.3500000000013,943.0
ur,english_passage_tokens,2496,79.25600961538461,11.0,61.0,72.0,84.0,89.0,124.0,144.0,173.10000000000036,299.0
ur,english_passage_utf8_bytes,2496,323.2840544871795,55.0,252.0,297.0,327.0,347.25,518.5,580.0,717.3500000000013,943.0
ur,english_passage_whitespace_words,2496,54.765625,3.0,42.0,50.0,58.0,61.0,86.0,102.0,123.05000000000018,169.0
ur,english_query_characters,250,33.172,8.0,24.0,32.0,39.0,40.75,48.0,53.55000000000001,65.52999999999997,78.0
ur,english_query_tokens,250,7.752,2.0,6.0,7.0,9.0,10.0,12.0,13.0,14.509999999999991,18.0
ur,english_query_utf8_bytes,250,33.172,8.0,24.0,32.0,39.0,40.75,48.0,53.55000000000001,65.52999999999997,78.0
ur,english_query_whitespace_words,250,5.812,2.0,4.0,6.0,7.0,7.0,8.0,9.0,12.509999999999991,15.0
ur,passage_translation_character_ratio,2496,1.0062691862010238,0.3564356435643564,0.9155440330813465,0.9817239498090562,1.0331675870717916,1.0478122253785944,1.108994616104869,1.1543681924546725,1.2491548042704628,33.07729468599034
ur,passage_translation_word_ratio,2496,1.2738445583056188,0.4842105263157895,1.1457386363636364,1.24,1.32,1.3428571428571427,1.4336477987421383,1.5,1.6486486486486487,37.18181818181818
ur,passages_per_record,250,9.984,7.0,10.0,10.0,10.0,10.0,10.0,10.0,10.0,10.0
ur,translated_answer_characters,250,60.916,1.0,24.0,24.0,66.90000000000003,79.0,147.1,207.20000000000005,329.1399999999999,395.0
ur,translated_answer_tokens,250,17.352,0.0,5.0,5.0,19.0,22.75,41.099999999999994,64.75000000000006,106.17999999999984,128.0
ur,translated_answer_utf8_bytes,250,108.6,2.0,44.0,44.0,119.0,142.0,259.5,373.5000000000001,581.8899999999996,695.0
ur,translated_answer_whitespace_words,250,13.092,1.0,5.0,5.0,15.0,18.0,31.0,42.10000000000002,72.01999999999998,88.0
ur,translated_passage_characters,2496,323.84415064102564,46.0,241.0,290.0,333.0,351.0,502.0,563.25,721.2000000000007,6847.0
ur,translated_passage_tokens,2496,96.29407051282051,13.0,71.0,86.0,101.0,106.0,146.0,167.25,215.05000000000018,2239.0
ur,translated_passage_utf8_bytes,2496,568.6826923076923,83.0,424.75,511.0,586.0,616.25,875.5,992.25,1259.0500000000002,11449.0
ur,translated_passage_whitespace_words,2496,69.44030448717949,4.0,51.0,62.0,72.5,76.0,107.0,123.25,155.05000000000018,1448.0
ur,translated_query_characters,250,33.852,5.0,24.0,33.0,40.0,42.0,50.0,57.55000000000001,68.0,92.0
ur,translated_query_tokens,250,10.488,3.0,8.0,10.0,12.0,13.0,16.0,17.55000000000001,20.50999999999999,26.0
ur,translated_query_utf8_bytes,250,61.26,10.0,44.0,59.0,72.0,76.0,90.19999999999999,102.55000000000001,124.03999999999996,165.0
ur,translated_query_whitespace_words,250,7.304,1.0,5.0,7.0,8.0,9.0,11.0,13.0,16.0,20.0
